{
    "ReFine-FT": {
        "ROC-AUC": [
            0.3107769423558897,
            0.3132832080200501,
            0.3182957393483709,
            0.3583959899749373,
            0.43609022556390975,
            0.6215538847117794,
            0.7944862155388471,
            0.9573934837092731,
            0.9924812030075187,
            0.9949874686716792
        ],
        "ACC-AUC": 0.6097744360902255,
        "Recall@5": 0.2853260496117639
    },
    "ReFine": {
        "R-0.10": {
            "ROC-AUC": [
                0.3107769423558897,
                0.3132832080200501,
                0.3383458646616541,
                0.39849624060150374,
                0.5112781954887218,
                0.6992481203007519,
                0.8421052631578947,
                0.974937343358396,
                0.9874686716791979,
                0.9924812030075187
            ],
            "ACC-AUC": 0.636842105263158
        },
        "R-0.20": {
            "ROC-AUC": [
                0.3107769423558897,
                0.3132832080200501,
                0.3433583959899749,
                0.39849624060150374,
                0.4949874686716792,
                0.6979949874686717,
                0.8471177944862155,
                0.9736842105263158,
                0.9837092731829574,
                0.9949874686716792
            ],
            "ACC-AUC": 0.6358395989974938
        },
        "R-0.30": {
            "ROC-AUC": [
                0.3107769423558897,
                0.3141186299081036,
                0.34001670843776105,
                0.3993316624895572,
                0.5037593984962406,
                0.7034252297410192,
                0.847953216374269,
                0.9715956558061821,
                0.9849624060150376,
                0.9941520467836257
            ],
            "ACC-AUC": 0.6370091896407686
        },
        "R-0.40": {
            "ROC-AUC": [
                0.3107769423558897,
                0.31453634085213034,
                0.33771929824561403,
                0.3966165413533835,
                0.5006265664160401,
                0.7086466165413534,
                0.850250626566416,
                0.9699248120300752,
                0.9837092731829574,
                0.9943609022556391
            ],
            "ACC-AUC": 0.6367167919799499
        },
        "R-0.50": {
            "ROC-AUC": [
                0.3107769423558897,
                0.31528822055137845,
                0.3348370927318296,
                0.39398496240601505,
                0.49774436090225566,
                0.7107769423558897,
                0.8501253132832081,
                0.9659147869674185,
                0.9849624060150376,
                0.9949874686716792
            ],
            "ACC-AUC": 0.6359398496240602
        },
        "R-0.60": {
            "ROC-AUC": [
                0.31119465329991647,
                0.3153717627401838,
                0.335421888053467,
                0.3939014202172097,
                0.49832915622389307,
                0.7101086048454469,
                0.8483709273182958,
                0.9649122807017544,
                0.9841269841269841,
                0.995405179615706
            ],
            "ACC-AUC": 0.6357142857142858
        },
        "R-0.70": {
            "ROC-AUC": [
                0.31113498030791265,
                0.3154314357321876,
                0.3358395989974937,
                0.3927676333691371,
                0.4958825635517365,
                0.7121374865735768,
                0.8514142499104905,
                0.9649122807017544,
                0.9849624060150376,
                0.9957035445757251
            ],
            "ACC-AUC": 0.6360186179735051
        },
        "R-0.80": {
            "ROC-AUC": [
                0.31140350877192985,
                0.31547619047619047,
                0.3355263157894737,
                0.39348370927318294,
                0.4981203007518797,
                0.7124060150375939,
                0.8511904761904762,
                0.9642857142857143,
                0.9852756892230576,
                0.9953007518796992
            ],
            "ACC-AUC": 0.6362468671679198
        },
        "R-0.90": {
            "ROC-AUC": [
                0.3113338902812587,
                0.31523252575884153,
                0.3355611250348092,
                0.39348370927318294,
                0.49874686716791977,
                0.7120579225842384,
                0.8529657477025898,
                0.9649122807017544,
                0.98635477582846,
                0.9949874686716792
            ],
            "ACC-AUC": 0.6365636313004733
        },
        "R-1.00": {
            "ROC-AUC": [
                0.3112781954887218,
                0.3147869674185464,
                0.3348370927318296,
                0.39398496240601505,
                0.4967418546365915,
                0.7155388471177945,
                0.8553884711779448,
                0.9646616541353383,
                0.9864661654135338,
                0.9949874686716792
            ],
            "ACC-AUC": 0.6368671679197995
        },
        "ROC-AUC": [
            0.3107769423558897,
            0.3132832080200501,
            0.34001670843776105,
            0.3966165413533835,
            0.49774436090225566,
            0.7101086048454469,
            0.8514142499104905,
            0.9642857142857143,
            0.98635477582846,
            0.9949874686716792
        ],
        "ACC-AUC": 0.6365588574611131,
        "Recall@5": 0.2955536839935336
    }
}