{
    "ReFine-FT": {
        "ROC-AUC": [
            0.21552604698672115,
            0.29111338100102147,
            0.35137895812053116,
            0.432073544433095,
            0.43922369765066394,
            0.5444330949948928,
            0.6506639427987743,
            0.8008171603677222,
            0.9397344228804902,
            1.0
        ],
        "ACC-AUC": 0.5664964249233913,
        "Recall@5": "nan"
    },
    "ReFine": {
        "R-0.10": {
            "ROC-AUC": [
                0.36465781409601633,
                0.2941777323799796,
                0.3687436159346272,
                0.4586312563840654,
                0.5178753830439223,
                0.5730337078651685,
                0.6608784473953013,
                0.8140960163432074,
                0.9376915219611849,
                1.0
            ],
            "ACC-AUC": 0.5989785495403472
        },
        "R-0.20": {
            "ROC-AUC": [
                0.3166496424923391,
                0.4790602655771195,
                0.36363636363636365,
                0.43922369765066394,
                0.5148110316649642,
                0.567926455566905,
                0.6475995914198162,
                0.8140960163432074,
                0.9295199182839632,
                1.0
            ],
            "ACC-AUC": 0.6072522982635343
        },
        "R-0.30": {
            "ROC-AUC": [
                0.2941777323799796,
                0.43820224719101125,
                0.5709908069458631,
                0.47191011235955055,
                0.48723186925434114,
                0.5403472931562819,
                0.6210418794688458,
                0.8069458631256384,
                0.9387129724208376,
                1.0
            ],
            "ACC-AUC": 0.616956077630235
        },
        "R-0.40": {
            "ROC-AUC": [
                0.27170582226762,
                0.3707865168539326,
                0.5383043922369765,
                0.658835546475996,
                0.5393258426966292,
                0.5372829417773238,
                0.6322778345250255,
                0.8089887640449438,
                0.9366700715015321,
                1.0
            ],
            "ACC-AUC": 0.629417773237998
        },
        "R-0.50": {
            "ROC-AUC": [
                0.26251276813074564,
                0.3687436159346272,
                0.4821246169560776,
                0.5648621041879469,
                0.7048008171603677,
                0.5934627170582226,
                0.6353421859039836,
                0.7895812053115424,
                0.9305413687436159,
                1.0
            ],
            "ACC-AUC": 0.633197139938713
        },
        "R-0.60": {
            "ROC-AUC": [
                0.2727272727272727,
                0.34014300306435136,
                0.4187946884576098,
                0.5097037793667007,
                0.6046986721144024,
                0.7722165474974464,
                0.6629213483146067,
                0.7640449438202247,
                0.9111338100102145,
                1.0
            ],
            "ACC-AUC": 0.625638406537283
        },
        "R-0.70": {
            "ROC-AUC": [
                0.24821246169560776,
                0.3125638406537283,
                0.4004085801838611,
                0.4637385086823289,
                0.5474974463738509,
                0.6537282941777324,
                0.8181818181818182,
                0.7701736465781409,
                0.9009193054136875,
                1.0
            ],
            "ACC-AUC": 0.6115423901940755
        },
        "R-0.80": {
            "ROC-AUC": [
                0.24923391215526047,
                0.2972420837589377,
                0.3922369765066394,
                0.4453524004085802,
                0.5474974463738509,
                0.6251276813074566,
                0.7783452502553626,
                0.9090909090909091,
                0.8753830439223698,
                1.0
            ],
            "ACC-AUC": 0.6119509703779367
        },
        "R-0.90": {
            "ROC-AUC": [
                0.24412665985699694,
                0.30745658835546474,
                0.39121552604698673,
                0.45556690500510727,
                0.533197139938713,
                0.6149131767109295,
                0.72829417773238,
                0.8651685393258427,
                0.9642492339121552,
                1.0
            ],
            "ACC-AUC": 0.6104187946884576
        },
        "R-1.00": {
            "ROC-AUC": [
                0.24310520939734423,
                0.32073544433094997,
                0.36567926455566907,
                0.4473953013278856,
                0.5199182839632278,
                0.6159346271705822,
                0.710929519918284,
                0.8467824310520939,
                0.947906026557712,
                1.0
            ],
            "ACC-AUC": 0.6018386108273749
        },
        "ROC-AUC": [
            0.36465781409601633,
            0.4790602655771195,
            0.5709908069458631,
            0.658835546475996,
            0.7048008171603677,
            0.7722165474974464,
            0.8181818181818182,
            0.9090909090909091,
            0.9642492339121552,
            1.0
        ],
        "ACC-AUC": 0.7242083758937692
    }
}