{
    "ReFine-FT": {
        "ROC-AUC": [
            0.960074812967581,
            0.9675561097256857,
            0.9725436408977556,
            0.9650623441396509,
            0.9700498753117207,
            0.9575810473815462,
            0.9376309226932669,
            0.9151870324189526,
            0.9126932668329177,
            1.0
        ],
        "ACC-AUC": 0.9558379052369077,
        "Recall@5": "nan"
    },
    "ReFine": {
        "R-0.10": {
            "ROC-AUC": [
                0.9750623441396509,
                0.9775561097256857,
                0.9800498753117207,
                0.970074812967581,
                0.9600997506234414,
                0.9650872817955112,
                0.9326683291770573,
                0.9251870324189526,
                0.9226932668329177,
                1.0
            ],
            "ACC-AUC": 0.9608478802992518
        },
        "R-0.20": {
            "ROC-AUC": [
                0.9625935162094763,
                0.9850374064837906,
                0.972568578553616,
                0.970074812967581,
                0.9625935162094763,
                0.9650872817955112,
                0.942643391521197,
                0.912718204488778,
                0.9027431421446384,
                1.0
            ],
            "ACC-AUC": 0.9576059850374066
        },
        "R-0.30": {
            "ROC-AUC": [
                0.9600997506234414,
                0.9800498753117207,
                0.9625935162094763,
                0.9576059850374065,
                0.9625935162094763,
                0.9675810473815462,
                0.9625935162094763,
                0.9152119700748129,
                0.9102244389027432,
                1.0
            ],
            "ACC-AUC": 0.95785536159601
        },
        "R-0.40": {
            "ROC-AUC": [
                0.9576059850374065,
                0.9800498753117207,
                0.9650872817955112,
                0.970074812967581,
                0.9625935162094763,
                0.970074812967581,
                0.9600997506234414,
                0.9152119700748129,
                0.9052369077306733,
                1.0
            ],
            "ACC-AUC": 0.9586034912718204
        },
        "R-0.50": {
            "ROC-AUC": [
                0.9600997506234414,
                0.9750623441396509,
                0.9600997506234414,
                0.9600997506234414,
                0.972568578553616,
                0.972568578553616,
                0.9526184538653366,
                0.9177057356608479,
                0.9102244389027432,
                1.0
            ],
            "ACC-AUC": 0.9581047381546135
        },
        "R-0.60": {
            "ROC-AUC": [
                0.9600997506234414,
                0.9675810473815462,
                0.9625935162094763,
                0.9576059850374065,
                0.9825436408977556,
                0.970074812967581,
                0.9551122194513716,
                0.9152119700748129,
                0.9102244389027432,
                1.0
            ],
            "ACC-AUC": 0.9581047381546135
        },
        "R-0.70": {
            "ROC-AUC": [
                0.9600997506234414,
                0.9650872817955112,
                0.9650872817955112,
                0.9476309226932669,
                0.9750623441396509,
                0.9600997506234414,
                0.942643391521197,
                0.9027431421446384,
                0.9102244389027432,
                1.0
            ],
            "ACC-AUC": 0.9528678304239403
        },
        "R-0.80": {
            "ROC-AUC": [
                0.9551122194513716,
                0.9625935162094763,
                0.9501246882793017,
                0.9476309226932669,
                0.9750623441396509,
                0.970074812967581,
                0.9476309226932669,
                0.9027431421446384,
                0.9102244389027432,
                1.0
            ],
            "ACC-AUC": 0.9521197007481297
        },
        "R-0.90": {
            "ROC-AUC": [
                0.9501246882793017,
                0.9576059850374065,
                0.9501246882793017,
                0.9501246882793017,
                0.9825436408977556,
                0.9675810473815462,
                0.9501246882793017,
                0.9027431421446384,
                0.9201995012468828,
                1.0
            ],
            "ACC-AUC": 0.9531172069825435
        },
        "R-1.00": {
            "ROC-AUC": [
                0.942643391521197,
                0.9600997506234414,
                0.9476309226932669,
                0.9526184538653366,
                0.9775561097256857,
                0.972568578553616,
                0.9476309226932669,
                0.9027431421446384,
                0.9152119700748129,
                1.0
            ],
            "ACC-AUC": 0.9518703241895261
        },
        "ROC-AUC": [
            0.9750623441396509,
            0.9850374064837906,
            0.9625935162094763,
            0.970074812967581,
            0.972568578553616,
            0.970074812967581,
            0.942643391521197,
            0.9027431421446384,
            0.9201995012468828,
            1.0
        ],
        "ACC-AUC": 0.9600997506234414
    }
}