{
    "ReFine-FT": {
        "ROC-AUC": [
            0.970074812967581,
            0.9775561097256857,
            0.9825436408977556,
            0.9750623441396509,
            0.9800498753117207,
            0.9675810473815462,
            0.9476309226932669,
            0.9251870324189526,
            0.9226932668329177,
            1.0
        ],
        "ACC-AUC": 0.9648379052369076,
        "Recall@5": "nan"
    },
    "ReFine": {
        "R-0.10": {
            "ROC-AUC": [
                0.9750623441396509,
                0.9775561097256857,
                0.9800498753117207,
                0.970074812967581,
                0.9576059850374065,
                0.9650872817955112,
                0.9326683291770573,
                0.9226932668329177,
                0.9226932668329177,
                1.0
            ],
            "ACC-AUC": 0.9603491271820449
        },
        "R-0.20": {
            "ROC-AUC": [
                0.9688279301745636,
                0.9825436408977556,
                0.9763092269326683,
                0.970074812967581,
                0.9600997506234414,
                0.9650872817955112,
                0.9376558603491272,
                0.9177057356608479,
                0.912718204488778,
                1.0
            ],
            "ACC-AUC": 0.9591022443890275
        },
        "R-0.30": {
            "ROC-AUC": [
                0.9659185369908562,
                0.9817123857024106,
                0.9733998337489609,
                0.9659185369908562,
                0.9617622610141313,
                0.9659185369908562,
                0.9451371571072319,
                0.9168744804655029,
                0.9118869492934331,
                1.0
            ],
            "ACC-AUC": 0.958852867830424
        },
        "R-0.40": {
            "ROC-AUC": [
                0.9638403990024937,
                0.9806733167082294,
                0.9713216957605985,
                0.9669576059850374,
                0.9625935162094763,
                0.9669576059850374,
                0.9488778054862843,
                0.9170822942643392,
                0.9102244389027432,
                1.0
            ],
            "ACC-AUC": 0.958852867830424
        },
        "R-0.50": {
            "ROC-AUC": [
                0.9630922693266832,
                0.9795511221945137,
                0.9685785536159601,
                0.9655860349127182,
                0.9640897755610972,
                0.9680798004987531,
                0.9496259351620948,
                0.9172069825436409,
                0.9102244389027432,
                1.0
            ],
            "ACC-AUC": 0.9586034912718204
        },
        "R-0.60": {
            "ROC-AUC": [
                0.9625935162094763,
                0.9779717373233583,
                0.9675810473815462,
                0.9646716541978387,
                0.9671654197838736,
                0.9684123025768911,
                0.9505403158769742,
                0.9172901080631753,
                0.9102244389027432,
                1.0
            ],
            "ACC-AUC": 0.9586450540315876
        },
        "R-0.70": {
            "ROC-AUC": [
                0.9622372639828999,
                0.9761311008193801,
                0.9672247951549697,
                0.9625935162094763,
                0.9679372996081226,
                0.9672247951549697,
                0.9497684360527253,
                0.9152119700748129,
                0.9102244389027432,
                1.0
            ],
            "ACC-AUC": 0.95785536159601
        },
        "R-0.80": {
            "ROC-AUC": [
                0.9613466334164589,
                0.9744389027431422,
                0.9650872817955112,
                0.9607231920199502,
                0.9688279301745636,
                0.9675810473815462,
                0.949501246882793,
                0.9139650872817955,
                0.9102244389027432,
                1.0
            ],
            "ACC-AUC": 0.9571695760598503
        },
        "R-0.90": {
            "ROC-AUC": [
                0.9600997506234414,
                0.972568578553616,
                0.9634247714048213,
                0.9592684954280964,
                0.9703518980326961,
                0.9678581324466611,
                0.9495705181490718,
                0.912718204488778,
                0.9113327791632031,
                1.0
            ],
            "ACC-AUC": 0.9567193128290384
        },
        "R-1.00": {
            "ROC-AUC": [
                0.958354114713217,
                0.9713216957605985,
                0.9618453865336658,
                0.958354114713217,
                0.971072319201995,
                0.9683291770573567,
                0.9496259351620948,
                0.9117206982543641,
                0.9117206982543641,
                1.0
            ],
            "ACC-AUC": 0.9562344139650871
        },
        "ROC-AUC": [
            0.9750623441396509,
            0.9825436408977556,
            0.9733998337489609,
            0.9669576059850374,
            0.9640897755610972,
            0.9684123025768911,
            0.9497684360527253,
            0.9139650872817955,
            0.9113327791632031,
            1.0
        ],
        "ACC-AUC": 0.9605531805407118
    }
}