{
    "ReFine-FT": {
        "ROC-AUC": [
            0.8632335329341318,
            0.8722155688622755,
            0.8991616766467066,
            0.9081437125748503,
            0.917125748502994,
            0.9261077844311377,
            0.9291017964071856,
            0.9231137724550899,
            0.9231137724550899,
            1.0
        ],
        "ACC-AUC": 0.9161317365269461,
        "Recall@5": "nan"
    },
    "ReFine": {
        "R-0.10": {
            "ROC-AUC": [
                0.8652694610778443,
                0.8982035928143712,
                0.9041916167664671,
                0.9251497005988024,
                0.9341317365269461,
                0.9401197604790419,
                0.9520958083832335,
                0.9520958083832335,
                0.9401197604790419,
                1.0
            ],
            "ACC-AUC": 0.9311377245508983
        },
        "R-0.20": {
            "ROC-AUC": [
                0.8652694610778443,
                0.907185628742515,
                0.9101796407185628,
                0.9281437125748503,
                0.937125748502994,
                0.937125748502994,
                0.9550898203592815,
                0.9520958083832335,
                0.9431137724550899,
                1.0
            ],
            "ACC-AUC": 0.9335329341317365
        },
        "R-0.30": {
            "ROC-AUC": [
                0.8682634730538922,
                0.9131736526946108,
                0.9161676646706587,
                0.937125748502994,
                0.9401197604790419,
                0.937125748502994,
                0.9491017964071856,
                0.9461077844311377,
                0.9431137724550899,
                1.0
            ],
            "ACC-AUC": 0.9350299401197605
        },
        "R-0.40": {
            "ROC-AUC": [
                0.8832335329341318,
                0.9131736526946108,
                0.9161676646706587,
                0.9401197604790419,
                0.9491017964071856,
                0.9461077844311377,
                0.9520958083832335,
                0.9491017964071856,
                0.9431137724550899,
                1.0
            ],
            "ACC-AUC": 0.9392215568862277
        },
        "R-0.50": {
            "ROC-AUC": [
                0.8832335329341318,
                0.9191616766467066,
                0.9251497005988024,
                0.9461077844311377,
                0.9491017964071856,
                0.9461077844311377,
                0.9580838323353293,
                0.9580838323353293,
                0.9431137724550899,
                1.0
            ],
            "ACC-AUC": 0.9428143712574851
        },
        "R-0.60": {
            "ROC-AUC": [
                0.8892215568862275,
                0.9191616766467066,
                0.9281437125748503,
                0.9491017964071856,
                0.9491017964071856,
                0.9491017964071856,
                0.9550898203592815,
                0.9580838323353293,
                0.9431137724550899,
                1.0
            ],
            "ACC-AUC": 0.9440119760479042
        },
        "R-0.70": {
            "ROC-AUC": [
                0.8892215568862275,
                0.9161676646706587,
                0.9221556886227545,
                0.9520958083832335,
                0.9550898203592815,
                0.9520958083832335,
                0.9491017964071856,
                0.9520958083832335,
                0.9431137724550899,
                1.0
            ],
            "ACC-AUC": 0.9431137724550899
        },
        "R-0.80": {
            "ROC-AUC": [
                0.8862275449101796,
                0.9221556886227545,
                0.9251497005988024,
                0.9520958083832335,
                0.9491017964071856,
                0.9491017964071856,
                0.9520958083832335,
                0.9520958083832335,
                0.9431137724550899,
                1.0
            ],
            "ACC-AUC": 0.9431137724550899
        },
        "R-0.90": {
            "ROC-AUC": [
                0.8922155688622755,
                0.9191616766467066,
                0.9251497005988024,
                0.9491017964071856,
                0.9491017964071856,
                0.9461077844311377,
                0.9550898203592815,
                0.9580838323353293,
                0.9431137724550899,
                1.0
            ],
            "ACC-AUC": 0.9437125748502995
        },
        "R-1.00": {
            "ROC-AUC": [
                0.8892215568862275,
                0.9161676646706587,
                0.9251497005988024,
                0.9491017964071856,
                0.9520958083832335,
                0.9491017964071856,
                0.9550898203592815,
                0.9580838323353293,
                0.9431137724550899,
                1.0
            ],
            "ACC-AUC": 0.9437125748502995
        },
        "ROC-AUC": [
            0.8652694610778443,
            0.907185628742515,
            0.9161676646706587,
            0.9401197604790419,
            0.9491017964071856,
            0.9491017964071856,
            0.9491017964071856,
            0.9520958083832335,
            0.9431137724550899,
            1.0
        ],
        "ACC-AUC": 0.937125748502994
    }
}