{
    "ReFine-FT": {
        "ROC-AUC": [
            0.8832335329341318,
            0.8922155688622755,
            0.9191616766467066,
            0.9281437125748503,
            0.937125748502994,
            0.9461077844311377,
            0.9491017964071856,
            0.9431137724550899,
            0.9431137724550899,
            1.0
        ],
        "ACC-AUC": 0.9341317365269461,
        "Recall@5": "nan"
    },
    "ReFine": {
        "R-0.10": {
            "ROC-AUC": [
                0.8652694610778443,
                0.8982035928143712,
                0.9041916167664671,
                0.9251497005988024,
                0.9341317365269461,
                0.9401197604790419,
                0.9520958083832335,
                0.9520958083832335,
                0.9401197604790419,
                1.0
            ],
            "ACC-AUC": 0.9311377245508983
        },
        "R-0.20": {
            "ROC-AUC": [
                0.8652694610778443,
                0.9026946107784432,
                0.907185628742515,
                0.9266467065868264,
                0.9356287425149701,
                0.938622754491018,
                0.9535928143712575,
                0.9520958083832335,
                0.9416167664670658,
                1.0
            ],
            "ACC-AUC": 0.9323353293413174
        },
        "R-0.30": {
            "ROC-AUC": [
                0.8662674650698603,
                0.906187624750499,
                0.9101796407185628,
                0.9301397205588823,
                0.937125748502994,
                0.93812375249501,
                0.9520958083832335,
                0.9500998003992016,
                0.9421157684630739,
                1.0
            ],
            "ACC-AUC": 0.9332335329341317
        },
        "R-0.40": {
            "ROC-AUC": [
                0.8705089820359282,
                0.9079341317365269,
                0.9116766467065869,
                0.9326347305389222,
                0.9401197604790419,
                0.9401197604790419,
                0.9520958083832335,
                0.9498502994011976,
                0.9423652694610778,
                1.0
            ],
            "ACC-AUC": 0.9347305389221556
        },
        "R-0.50": {
            "ROC-AUC": [
                0.8730538922155688,
                0.9101796407185628,
                0.9143712574850299,
                0.9353293413173652,
                0.9419161676646707,
                0.9413173652694611,
                0.9532934131736527,
                0.951497005988024,
                0.9425149700598803,
                1.0
            ],
            "ACC-AUC": 0.9363473053892216
        },
        "R-0.60": {
            "ROC-AUC": [
                0.875748502994012,
                0.9116766467065869,
                0.9166666666666666,
                0.937624750499002,
                0.9431137724550899,
                0.9426147704590818,
                0.9535928143712575,
                0.9525948103792415,
                0.9426147704590818,
                1.0
            ],
            "ACC-AUC": 0.9376247504990021
        },
        "R-0.70": {
            "ROC-AUC": [
                0.8776732249786142,
                0.9123182207014542,
                0.9174508126603935,
                0.9396920444824637,
                0.9448246364414029,
                0.9439692044482464,
                0.9533789563729683,
                0.9525235243798118,
                0.9426860564585116,
                1.0
            ],
            "ACC-AUC": 0.9384516680923867
        },
        "R-0.80": {
            "ROC-AUC": [
                0.8787425149700598,
                0.9135479041916168,
                0.9184131736526946,
                0.9412425149700598,
                0.9457335329341318,
                0.9446107784431138,
                0.9532185628742516,
                0.9524700598802395,
                0.9427395209580839,
                1.0
            ],
            "ACC-AUC": 0.9390718562874252
        },
        "R-0.90": {
            "ROC-AUC": [
                0.8802395209580839,
                0.9141716566866267,
                0.9191616766467066,
                0.9421157684630739,
                0.9461077844311377,
                0.9447771124417831,
                0.9534264803725881,
                0.9530938123752495,
                0.9427811044577512,
                1.0
            ],
            "ACC-AUC": 0.9395874916833001
        },
        "R-1.00": {
            "ROC-AUC": [
                0.8811377245508982,
                0.9143712574850299,
                0.9197604790419162,
                0.942814371257485,
                0.9467065868263473,
                0.9452095808383234,
                0.9535928143712575,
                0.9535928143712575,
                0.942814371257485,
                1.0
            ],
            "ACC-AUC": 0.9400000000000001
        },
        "ROC-AUC": [
            0.8652694610778443,
            0.9026946107784432,
            0.9101796407185628,
            0.9326347305389222,
            0.9419161676646707,
            0.9426147704590818,
            0.9533789563729683,
            0.9524700598802395,
            0.9427811044577512,
            1.0
        ],
        "ACC-AUC": 0.9343939501948484
    }
}